,Year,Rank,Country,Overall Score,Life,Health,Education,Protection,Environment
13,2013,14,Tunisia,0.808,0.92,0.93,0.73,0.97,0.57
28,2013,29,Libya,0.781,0.92,0.96,0.01,0.98,0.43
42,2013,43,Egypt,0.759,0.89,0.96,0.68,0.88,0.5
44,2013,45,Mauritius,0.758,0.93,0.97,0.78,0.83,0.43
76,2013,77,Algeria,0.699,0.81,0.85,0.71,0.97,0.36
80,2013,81,Morocco,0.695,0.81,0.79,0.7,0.88,0.42
84,2013,85,South Africa,0.682,0.69,0.84,0.74,0.82,0.42
90,2013,91,Namibia,0.667,0.79,0.76,0.69,0.64,0.5
94,2013,95,Botswana,0.649,0.74,0.83,0.72,0.77,0.33
114,2013,115,Ghana,0.559,0.6,0.56,0.56,0.59,0.5
115,2013,116,Djibouti,0.557,0.5,0.62,0.34,0.88,0.58
118,2013,119,Senegal,0.549,0.59,0.66,0.53,0.56,0.43
119,2013,120,Sao Tome and Principe,0.544,0.56,0.64,0.58,0.69,0.33
121,2013,122,Eswatini,0.531,0.57,0.71,0.55,0.53,0.36
122,2013,123,Kenya,0.525,0.53,0.48,0.58,0.54,0.5
124,2013,125,United Republic of Tanzania,0.51,0.58,0.46,0.64,0.4,0.5
125,2013,126,Congo,0.504,0.49,0.53,0.51,0.57,0.43
126,2013,127,Malawi,0.5,0.49,0.7,0.55,0.33,0.5
129,2013,130,Zimbabwe,0.499,0.56,0.74,0.7,0.43,0.25
130,2013,131,Gabon,0.495,0.6,0.49,0.01,0.58,0.36
131,2013,132,Gambia,0.492,0.46,0.75,0.53,0.53,0.3
132,2013,133,Rwanda,0.49,0.5,0.57,0.7,0.66,0.21
135,2013,136,Mauritania,0.473,0.39,0.38,0.46,0.61,0.57
136,2013,137,Uganda,0.461,0.46,0.59,0.58,0.32,0.42
137,2013,138,Cameroon,0.46,0.25,0.61,0.57,0.48,0.5
138,2013,139,Burundi,0.456,0.21,0.52,0.5,0.71,0.5
139,2013,140,Benin,0.453,0.37,0.51,0.44,0.4,0.57
140,2013,141,Zambia,0.439,0.39,0.59,0.67,0.21,0.5
141,2013,142,Comoros,0.436,0.53,0.73,0.65,0.63,0.1
142,2013,143,Eritrea,0.428,0.67,0.41,0.25,0.57,0.36
143,2013,144,Togo,0.427,0.43,0.46,0.5,0.5,0.29
144,2013,145,Madagascar,0.421,0.66,0.21,0.62,0.52,0.3
145,2013,146,Côte d'Ivoire,0.397,0.32,0.6,0.37,0.46,0.3
146,2013,147,Lesotho,0.392,0.53,0.69,0.67,0.53,0.07
147,2013,148,Liberia,0.385,0.43,0.46,0.39,0.25,0.43
148,2013,149,Mozambique,0.376,0.25,0.4,0.45,0.33,0.5
149,2013,150,Ethiopia,0.374,0.42,0.39,0.57,0.19,0.42
150,2013,151,Nigeria,0.364,0.21,0.4,0.4,0.39,0.5
151,2013,152,Guinea,0.344,0.28,0.53,0.37,0.41,0.21
152,2013,153,Angola,0.334,0.11,0.5,0.46,0.34,0.5
154,2013,155,Niger,0.278,0.21,0.39,0.26,0.18,0.43
155,2013,156,Equatorial Guinea,0.267,0.33,0.01,0.55,0.39,0.07
156,2013,157,Burkina Faso,0.245,0.02,0.56,0.37,0.44,0.43
157,2013,158,Sierra Leone,0.243,0.03,0.39,0.41,0.31,0.5
158,2013,159,DRC,0.237,0.06,0.34,0.39,0.28,0.36
160,2013,161,Mali,0.217,0.01,0.44,0.41,0.41,0.58
161,2013,162,Chad,0.154,0.04,0.28,0.19,0.08,0.5
164,2013,165,CAR,0,0.12,0.52,0.23,0.33,0
176,2014,12,Tunisia,0.803,0.92,0.93,0.7,0.98,0.57
190,2014,26,Libya,0.782,0.93,0.95,0.01,0.99,0.43
210,2014,46,Egypt,0.753,0.89,0.94,0.67,0.86,0.5
215,2014,51,Mauritius,0.745,0.93,0.95,0.7,0.87,0.43
226,2014,62,Algeria,0.724,0.9,0.88,0.74,0.96,0.36
244,2014,80,Morocco,0.691,0.84,0.77,0.65,0.89,0.42
245,2014,81,South Africa,0.691,0.76,0.8,0.73,0.86,0.42
256,2014,92,Namibia,0.656,0.79,0.59,0.71,0.73,0.5
267,2014,103,Botswana,0.626,0.72,0.77,0.68,0.77,0.33
269,2014,105,Gabon,0.613,0.67,0.65,0.8,0.7,0.36
275,2014,111,Sao Tome and Principe,0.585,0.72,0.65,0.59,0.7,0.36
276,2014,112,Rwanda,0.585,0.71,0.6,0.79,0.61,0.33
278,2014,114,Djibouti,0.581,0.56,0.65,0.35,0.88,0.58
280,2014,116,Senegal,0.574,0.68,0.54,0.6,0.65,0.43
284,2014,120,Eswatini,0.549,0.57,0.65,0.59,0.64,0.36
285,2014,121,Malawi,0.543,0.62,0.65,0.63,0.38,0.5
286,2014,122,Ghana,0.539,0.61,0.51,0.56,0.52,0.5
288,2014,124,Gambia,0.525,0.61,0.7,0.6,0.52,0.3
289,2014,125,Kenya,0.519,0.61,0.41,0.59,0.52,0.5
290,2014,126,Burundi,0.519,0.43,0.46,0.6,0.63,0.5
292,2014,128,Congo,0.516,0.48,0.47,0.66,0.58,0.43
293,2014,129,United Republic of Tanzania,0.495,0.71,0.3,0.75,0.37,0.5
295,2014,131,Mauritania,0.493,0.54,0.3,0.5,0.62,0.57
296,2014,132,Uganda,0.49,0.63,0.52,0.57,0.36,0.42
297,2014,133,Cameroon,0.49,0.48,0.56,0.55,0.38,0.5
300,2014,136,Zimbabwe,0.484,0.51,0.6,0.71,0.49,0.25
302,2014,138,Benin,0.459,0.51,0.4,0.38,0.46,0.57
303,2014,139,Zambia,0.44,0.52,0.48,0.71,0.19,0.5
304,2014,140,Mozambique,0.435,0.51,0.3,0.48,0.42,0.5
305,2014,141,Burkina Faso,0.425,0.44,0.41,0.4,0.45,0.43
306,2014,142,Côte d'Ivoire,0.421,0.41,0.5,0.42,0.5,0.3
307,2014,143,Comoros,0.418,0.58,0.67,0.53,0.62,0.1
308,2014,144,Mali,0.415,0.3,0.38,0.37,0.5,0.58
310,2014,146,Ethiopia,0.41,0.63,0.21,0.57,0.36,0.42
312,2014,148,Nigeria,0.407,0.32,0.35,0.44,0.45,0.5
313,2014,149,Togo,0.407,0.48,0.33,0.42,0.59,0.29
314,2014,150,Eritrea,0.389,0.72,0.22,0.25,0.63,0.36
315,2014,151,Madagascar,0.381,0.69,0.13,0.61,0.51,0.3
316,2014,152,Liberia,0.373,0.59,0.45,0.24,0.26,0.43
317,2014,153,Lesotho,0.362,0.46,0.51,0.73,0.51,0.07
318,2014,154,Guinea,0.358,0.45,0.44,0.35,0.3,0.29
319,2014,155,Equatorial Guinea,0.357,0.46,0.77,0.58,0.39,0.07
320,2014,156,DRC,0.31,0.2,0.27,0.34,0.45,0.36
321,2014,157,Angola,0.309,0.1,0.47,0.32,0.37,0.5
322,2014,158,Guinea Bissau,0.306,0.29,0.41,0.51,0.26,0.17
323,2014,159,Niger,0.236,0.38,0.12,0.25,0.15,0.43
324,2014,160,Chad,0.231,0.18,0.17,0.19,0.22,0.5
326,2014,162,CAR,0,0.29,0.4,0.26,0.32,0
327,2014,163,Sierra Leone,0,0,0.28,0.57,0.56,0.5
337,2015,9,Tunisia,0.9,0.92,0.93,0.95,0.97,0.71
360,2015,32,Mauritius,0.84,0.93,0.95,0.96,0.87,0.57
368,2015,40,Egypt,0.83,0.88,0.93,0.88,0.85,0.64
382,2015,54,Libya,0.81,0.92,0.93,0.01,0.99,0.5
395,2015,67,Algeria,0.78,0.86,0.87,0.92,0.96,0.43
414,2015,86,South Africa,0.74,0.75,0.82,0.89,0.81,0.5
416,2015,88,Morocco,0.74,0.83,0.8,0.87,0.87,0.43
433,2015,105,Botswana,0.68,0.73,0.77,0.79,0.76,0.42
434,2015,106,Gabon,0.67,0.67,0.69,0.89,0.69,0.43
436,2015,108,Namibia,0.67,0.71,0.58,0.75,0.73,0.6
437,2015,109,Sao Tome and Principe,0.66,0.7,0.64,0.78,0.7,0.5
441,2015,113,Senegal,0.63,0.68,0.56,0.69,0.68,0.57
442,2015,114,Djibouti,0.63,0.59,0.59,0.47,0.88,0.67
443,2015,115,Benin,0.63,0.5,0.41,0.63,0.67,0.71
444,2015,116,Rwanda,0.62,0.7,0.62,0.87,0.59,0.42
450,2015,122,Eswatini,0.59,0.53,0.66,0.76,0.64,0.43
453,2015,125,Ghana,0.57,0.54,0.52,0.68,0.5,0.64
454,2015,126,Kenya,0.57,0.58,0.41,0.78,0.5,0.64
455,2015,127,Burundi,0.57,0.51,0.45,0.64,0.61,0.64
459,2015,131,Congo,0.55,0.72,0.47,0.86,0.61,0.29
460,2015,132,Gambia,0.54,0.56,0.67,0.75,0.56,0.3
461,2015,133,Uganda,0.54,0.61,0.52,0.71,0.42,0.5
463,2015,135,Zimbabwe,0.54,0.47,0.6,0.85,0.5,0.33
464,2015,136,Mauritania,0.52,0.47,0.31,0.59,0.62,0.71
465,2015,137,Cameroon,0.52,0.44,0.55,0.7,0.35,0.64
466,2015,138,United Republic of Tanzania,0.5,0.7,0.32,0.69,0.36,0.58
467,2015,139,Malawi,0.5,0.6,0.49,0.73,0.23,0.64
468,2015,140,Togo,0.49,0.5,0.34,0.69,0.57,0.43
470,2015,142,Mozambique,0.48,0.48,0.31,0.64,0.4,0.64
471,2015,143,Côte d'Ivoire,0.47,0.41,0.49,0.6,0.49,0.4
472,2015,144,Burkina Faso,0.46,0.42,0.43,0.52,0.41,0.57
473,2015,145,Zambia,0.46,0.48,0.48,0.85,0.16,0.67
474,2015,146,Liberia,0.45,0.58,0.45,0.43,0.29,0.57
475,2015,147,Ethiopia,0.44,0.62,0.24,0.68,0.34,0.5
476,2015,148,Nigeria,0.44,0.3,0.31,0.71,0.39,0.64
477,2015,149,Mali,0.44,0.27,0.33,0.53,0.51,0.67
478,2015,150,Madagascar,0.43,0.67,0.14,0.74,0.55,0.4
479,2015,151,DRC,0.43,0.29,0.27,0.55,0.44,0.43
480,2015,152,Comoros,0.43,0.54,0.63,0.61,0.68,0.1
481,2015,153,Eritrea,0.42,0.71,0.15,0.42,0.63,0.5
482,2015,154,Guinea,0.42,0.4,0.43,0.45,0.41,0.43
484,2015,156,Equatorial Guinea,0.39,0.43,0.89,0.79,0.43,0.07
485,2015,157,Guinea Bissau,0.34,0.26,0.43,0.66,0.24,0.25
486,2015,158,Lesotho,0.33,0.42,0.54,0.5,0.5,0.07
487,2015,159,Sierra Leone,0.33,0.04,0.31,0.87,0.54,0.64
488,2015,160,Niger,0.32,0.38,0.12,0.42,0.33,0.5
489,2015,161,Chad,0.25,0.12,0.18,0.35,0.21,0.64
491,2015,163,Angola,0,0.01,0.49,0.34,0.32,0.57
492,2015,164,CAR,0,0.17,0.37,0.41,0.31,0
503,2016,10,Tunisia,0.921,0.876,0.954,0.947,0.979,0.857
527,2016,34,Egypt,0.862,0.826,0.925,0.935,0.847,0.786
528,2016,35,Mauritius,0.859,0.875,0.906,0.961,0.01,0.714
559,2016,66,Algeria,0.796,0.833,0.871,0.927,0.95,0.5
567,2016,74,Morocco,0.788,0.826,0.857,0.862,0.873,0.571
575,2016,82,Libya,0.768,0.859,0.923,0.01,0.01,0.571
586,2016,93,Namibia,0.745,0.663,0.702,0.858,0.72,0.8
593,2016,100,Botswana,0.711,0.695,0.812,0.821,0.783,0.5
596,2016,103,Sao Tome and Principe,0.707,0.701,0.703,0.894,0.701,0.571
602,2016,109,South Africa,0.681,0.634,0.578,0.743,0.808,0.667
603,2016,110,Djibouti,0.674,0.603,0.629,0.496,0.887,0.833
606,2016,113,Senegal,0.663,0.665,0.635,0.694,0.681,0.643
610,2016,117,Gabon,0.639,0.644,0.65,0.01,0.695,0.571
611,2016,118,Rwanda,0.63,0.662,0.606,0.839,0.591,0.5
612,2016,119,Kenya,0.63,0.567,0.563,0.772,0.513,0.786
613,2016,120,Mauritania,0.628,0.479,0.501,0.736,0.645,0.857
615,2016,122,Benin,0.618,0.462,0.468,0.724,0.673,0.857
616,2016,123,Eswatini,0.614,0.445,0.698,0.763,0.646,0.571
619,2016,126,Ghana,0.608,0.581,0.633,0.762,0.509,0.583
621,2016,128,United Republic of Tanzania,0.598,0.628,0.482,0.838,0.363,0.833
622,2016,129,Uganda,0.587,0.568,0.564,0.863,0.431,0.583
623,2016,130,Burundi,0.583,0.399,0.574,0.606,0.615,0.786
625,2016,132,Congo,0.579,0.6,0.594,0.833,0.612,0.357
626,2016,133,Gambia,0.576,0.46,0.745,0.662,0.561,0.5
627,2016,134,Malawi,0.556,0.521,0.656,0.77,0.256,0.786
628,2016,135,Zimbabwe,0.544,0.509,0.643,0.916,0.478,0.333
629,2016,136,Ethiopia,0.543,0.608,0.464,0.719,0.362,0.643
630,2016,137,Togo,0.541,0.52,0.406,0.869,0.59,0.429
631,2016,138,Cameroon,0.535,0.403,0.604,0.723,0.35,0.714
632,2016,139,Mozambique,0.534,0.445,0.443,0.686,0.407,0.786
633,2016,140,Zambia,0.528,0.593,0.57,0.85,0.172,0.833
635,2016,142,Mali,0.515,0.372,0.478,0.534,0.508,0.75
636,2016,143,Burkina Faso,0.514,0.486,0.53,0.525,0.411,0.643
637,2016,144,Madagascar,0.5,0.637,0.252,0.707,0.548,0.5
638,2016,145,DRC,0.481,0.387,0.401,0.661,0.442,0.571
639,2016,146,Côte d'Ivoire,0.477,0.342,0.503,0.567,0.507,0.5
640,2016,147,Nigeria,0.467,0.277,0.563,0.01,0.388,0.786
641,2016,148,Eritrea,0.454,0.595,0.365,0.455,0.01,0.429
643,2016,150,Sierra Leone,0.434,0.101,0.434,0.838,0.53,0.786
644,2016,151,Comoros,0.432,0.571,0.624,0.622,0.682,0.1
645,2016,152,Liberia,0.427,0.461,0.45,0.36,0.295,0.643
646,2016,153,Niger,0.414,0.455,0.278,0.452,0.329,0.643
647,2016,154,Guinea,0.411,0.402,0.424,0.392,0.409,0.429
648,2016,155,Angola,0.4,0.253,0.522,0.344,0.317,0.714
649,2016,156,Lesotho,0.392,0.369,0.65,0.546,0.497,0.143
650,2016,157,Equatorial Guinea,0.343,0.471,0.505,0.766,0.364,0.071
651,2016,158,Guinea Bissau,0.331,0.4,0.5,0.01,0.24,0.25
653,2016,160,Chad,0.298,0.191,0.236,0.349,0.21,0.714
655,2016,162,CAR,0,0.199,0.356,0.401,0.308,0
667,2017,9,Tunisia,0.867,0.876,0.954,0.697,0.98,0.857
674,2017,16,Egypt,0.844,0.826,0.92,0.82,0.873,0.786
697,2017,39,Mauritius,0.8,0.875,0.909,0.72,0.01,0.714
717,2017,59,Libya,0.768,0.859,0.921,0.01,0.01,0.571
727,2017,69,Algeria,0.751,0.833,0.87,0.694,0.952,0.5
738,2017,80,Morocco,0.73,0.826,0.857,0.584,0.88,0.571
742,2017,84,South Africa,0.726,0.634,0.748,0.822,0.806,0.643
750,2017,92,Namibia,0.701,0.663,0.656,0.638,0.764,0.8
760,2017,102,Senegal,0.679,0.665,0.631,0.598,0.69,0.833
762,2017,104,Botswana,0.67,0.695,0.811,0.606,0.788,0.5
763,2017,105,Sao Tome and Principe,0.669,0.701,0.705,0.741,0.642,0.571
767,2017,109,Rwanda,0.648,0.662,0.736,0.768,0.612,0.5
771,2017,113,Djibouti,0.624,0.603,0.559,0.379,0.893,0.833
772,2017,114,Gabon,0.624,0.644,0.665,0.01,0.706,0.5
777,2017,119,Ghana,0.596,0.581,0.621,0.547,0.651,0.583
778,2017,120,Burundi,0.585,0.399,0.573,0.599,0.635,0.786
779,2017,121,Kenya,0.584,0.567,0.506,0.665,0.556,0.643
781,2017,123,Eswatini,0.572,0.445,0.667,0.545,0.66,0.571
782,2017,124,Gambia,0.571,0.46,0.748,0.552,0.641,0.5
784,2017,126,Zimbabwe,0.561,0.509,0.621,0.694,0.381,0.667
785,2017,127,Congo,0.559,0.6,0.528,0.792,0.61,0.357
786,2017,128,Mauritania,0.557,0.479,0.449,0.445,0.653,0.857
788,2017,130,United Republic of Tanzania,0.554,0.628,0.506,0.634,0.311,0.833
789,2017,131,Uganda,0.536,0.568,0.561,0.543,0.437,0.583
790,2017,132,Togo,0.527,0.52,0.461,0.644,0.617,0.429
791,2017,133,Benin,0.524,0.462,0.502,0.485,0.7,0.5
792,2017,134,Cameroon,0.507,0.403,0.598,0.535,0.362,0.714
795,2017,137,Ethiopia,0.5,0.608,0.407,0.521,0.376,0.643
796,2017,138,Burkina Faso,0.498,0.486,0.528,0.417,0.444,0.643
797,2017,139,Mozambique,0.494,0.445,0.44,0.456,0.42,0.786
798,2017,140,Malawi,0.491,0.521,0.659,0.584,0.182,0.786
799,2017,141,Zambia,0.49,0.593,0.585,0.645,0.189,0.667
800,2017,142,Mali,0.476,0.372,0.46,0.362,0.525,0.75
801,2017,143,Côte d'Ivoire,0.46,0.342,0.526,0.428,0.537,0.5
803,2017,145,Madagascar,0.451,0.637,0.214,0.482,0.567,0.5
804,2017,146,Comoros,0.437,0.571,0.623,0.64,0.7,0.1
805,2017,147,Nigeria,0.434,0.277,0.406,0.01,0.402,0.786
807,2017,149,Guinea,0.428,0.402,0.414,0.469,0.429,0.429
808,2017,150,Eritrea,0.421,0.595,0.326,0.376,0.01,0.429
809,2017,151,Lesotho,0.413,0.369,0.641,0.7,0.511,0.143
810,2017,152,Liberia,0.406,0.461,0.462,0.215,0.376,0.643
811,2017,153,DRC,0.401,0.387,0.403,0.436,0.267,0.571
812,2017,154,Niger,0.382,0.455,0.276,0.287,0.353,0.643
813,2017,155,Angola,0.379,0.253,0.415,0.315,0.331,0.714
817,2017,159,Guinea Bissau,0.338,0.4,0.493,0.01,0.264,0.25
818,2017,160,Equatorial Guinea,0.303,0.471,0.433,0.456,0.384,0.071
819,2017,161,Chad,0.29,0.191,0.262,0.273,0.211,0.714
821,2017,163,Sierra Leone,0.232,0.101,0.422,0.475,0.464,0.071
823,2017,165,CAR,0.143,0.199,0.345,0.262,0.329,0.01
839,2018,14,Tunisia,0.881,0.871,0.939,0.77,0.986,0.857
864,2018,39,Egypt,0.822,0.81,0.918,0.732,0.879,0.786
869,2018,44,Seychelles,0.819,0.834,0.959,0.717,0.01,0.786
871,2018,46,Mauritius,0.813,0.863,0.873,0.812,0.01,0.714
890,2018,65,Algeria,0.777,0.825,0.91,0.786,0.961,0.5
899,2018,74,Libya,0.762,0.847,0.947,0.736,0.01,0.571
907,2018,82,Morocco,0.747,0.821,0.884,0.63,0.888,0.571
928,2018,103,South Africa,0.693,0.633,0.756,0.671,0.772,0.643
930,2018,105,Namibia,0.687,0.616,0.621,0.658,0.758,0.8
931,2018,106,Botswana,0.685,0.683,0.749,0.704,0.839,0.5
936,2018,111,Sao Tome and Principe,0.663,0.701,0.699,0.656,0.698,0.571
940,2018,115,Senegal,0.655,0.629,0.676,0.532,0.641,0.833
946,2018,121,Gabon,0.638,0.623,0.635,0.708,0.756,0.5
952,2018,127,Ghana,0.606,0.552,0.594,0.622,0.687,0.583
953,2018,128,Eswatini,0.597,0.449,0.714,0.616,0.674,0.571
956,2018,131,Djibouti,0.593,0.558,0.519,0.336,0.901,0.833
957,2018,132,Kenya,0.588,0.575,0.526,0.61,0.595,0.643
958,2018,133,Malawi,0.587,0.487,0.607,0.621,0.457,0.833
961,2018,136,Rwanda,0.584,0.657,0.699,0.476,0.618,0.5
963,2018,138,Zimbabwe,0.574,0.507,0.664,0.589,0.473,0.667
965,2018,140,Burundi,0.566,0.366,0.52,0.572,0.677,0.786
967,2018,142,Mauritania,0.55,0.429,0.492,0.505,0.549,0.857
968,2018,143,Gambia,0.541,0.424,0.669,0.492,0.665,0.5
969,2018,144,United Republic of Tanzania,0.536,0.564,0.52,0.468,0.386,0.833
971,2018,146,Congo,0.529,0.552,0.526,0.628,0.635,0.357
973,2018,148,Uganda,0.521,0.532,0.465,0.576,0.46,0.583
974,2018,149,Mozambique,0.516,0.428,0.502,0.484,0.448,0.786
975,2018,150,Togo,0.514,0.469,0.506,0.552,0.638,0.429
976,2018,151,Zambia,0.512,0.552,0.578,0.662,0.25,0.667
977,2018,152,Liberia,0.506,0.425,0.517,0.504,0.468,0.643
978,2018,153,Burkina Faso,0.496,0.445,0.486,0.421,0.511,0.643
980,2018,155,Madagascar,0.492,0.609,0.274,0.587,0.586,0.5
982,2018,157,Benin,0.473,0.409,0.46,0.501,0.5,0.5
984,2018,159,Cameroon,0.456,0.378,0.557,0.506,0.432,0.429
985,2018,160,Ethiopia,0.455,0.572,0.305,0.446,0.39,0.643
987,2018,162,Côte d'Ivoire,0.443,0.287,0.548,0.403,0.537,0.5
988,2018,163,Comoros,0.436,0.52,0.664,0.626,0.727,0.1
989,2018,164,Mali,0.436,0.297,0.488,0.39,0.37,0.75
990,2018,165,Nigeria,0.424,0.212,0.419,0.49,0.403,0.786
992,2018,167,Angola,0.423,0.438,0.351,0.333,0.368,0.714
993,2018,168,Guinea,0.405,0.352,0.406,0.373,0.476,0.429
994,2018,169,Sudan,0.401,0.556,0.437,0.417,0.616,0.167
995,2018,170,Niger,0.396,0.379,0.303,0.271,0.484,0.643
996,2018,171,Lesotho,0.394,0.328,0.663,0.567,0.535,0.143
999,2018,174,Eritrea,0.352,0.568,0.24,0.262,0.01,0.429
1001,2018,176,Guinea Bissau,0.339,0.361,0.519,0.01,0.281,0.25
1002,2018,177,CAR,0.291,0.127,0.324,0.276,0.364,0.5
1003,2018,178,Equatorial Guinea,0.279,0.409,0.49,0.01,0.42,0.071
1004,2018,179,DRC,0.273,0.332,0.374,0.01,0.314,0.143
1005,2018,180,Chad,0.242,0.136,0.245,0.265,0.131,0.714
1007,2018,182,Sierra Leone,0.201,0.037,0.466,0.514,0.517,0.071
1022,2019,15,Tunisia,0.879,0.872,0.946,0.752,0.986,0.857
1043,2019,36,Egypt,0.823,0.81,0.914,0.737,0.879,0.786
1054,2019,47,Mauritius,0.802,0.864,0.862,0.777,0.01,0.714
1071,2019,64,Algeria,0.772,0.826,0.888,0.778,0.961,0.5
1080,2019,73,Libya,0.758,0.847,0.936,0.727,0.01,0.571
1082,2019,75,Morocco,0.753,0.829,0.884,0.651,0.888,0.571
1109,2019,102,South Africa,0.693,0.646,0.702,0.71,0.772,0.643
1110,2019,103,Namibia,0.689,0.614,0.603,0.689,0.758,0.8
1111,2019,104,Botswana,0.684,0.687,0.749,0.695,0.839,0.5
1116,2019,109,Sao Tome and Principe,0.668,0.702,0.688,0.694,0.698,0.571
1122,2019,115,Senegal,0.648,0.63,0.665,0.509,0.641,0.833
1127,2019,120,Gabon,0.628,0.616,0.631,0.667,0.756,0.5
1130,2019,123,Rwanda,0.619,0.656,0.699,0.643,0.618,0.5
1131,2019,124,Ghana,0.619,0.573,0.616,0.641,0.687,0.583
1132,2019,125,Kenya,0.605,0.581,0.576,0.635,0.595,0.643
1133,2019,126,Seychelles,0.601,0.833,0.966,0.758,0.01,0.214
1134,2019,127,Eswatini,0.601,0.488,0.714,0.584,0.674,0.571
1138,2019,131,Djibouti,0.587,0.559,0.519,0.321,0.901,0.833
1139,2019,132,Malawi,0.586,0.481,0.614,0.613,0.457,0.833
1141,2019,134,Burundi,0.578,0.389,0.509,0.612,0.677,0.786
1142,2019,135,Zimbabwe,0.571,0.519,0.645,0.577,0.473,0.667
1147,2019,140,Mauritania,0.554,0.429,0.521,0.499,0.549,0.857
1148,2019,141,Gambia,0.546,0.423,0.644,0.534,0.665,0.5
1149,2019,142,United Republic of Tanzania,0.544,0.567,0.552,0.471,0.386,0.833
1151,2019,144,Congo,0.524,0.565,0.49,0.627,0.635,0.357
1152,2019,145,Uganda,0.521,0.538,0.458,0.581,0.46,0.583
1155,2019,148,Zambia,0.511,0.556,0.589,0.639,0.25,0.667
1156,2019,149,Mozambique,0.511,0.419,0.481,0.492,0.448,0.786
1157,2019,150,Burkina Faso,0.507,0.447,0.486,0.467,0.511,0.643
1159,2019,152,Liberia,0.501,0.399,0.542,0.483,0.468,0.643
1160,2019,153,Madagascar,0.494,0.611,0.274,0.599,0.586,0.5
1161,2019,154,Togo,0.494,0.47,0.521,0.438,0.638,0.429
1162,2019,155,Lesotho,0.491,0.341,0.663,0.552,0.535,0.429
1164,2019,157,Benin,0.471,0.399,0.46,0.504,0.5,0.5
1165,2019,158,Cameroon,0.463,0.359,0.554,0.576,0.432,0.429
1166,2019,159,Angola,0.461,0.434,0.326,0.56,0.368,0.714
1167,2019,160,Ethiopia,0.449,0.566,0.287,0.449,0.39,0.643
1169,2019,162,Côte d'Ivoire,0.441,0.287,0.552,0.393,0.537,0.5
1170,2019,163,Comoros,0.432,0.526,0.632,0.626,0.727,0.1
1172,2019,165,Mali,0.414,0.3,0.437,0.336,0.37,0.75
1173,2019,166,Nigeria,0.414,0.214,0.387,0.466,0.403,0.786
1174,2019,167,Sudan,0.402,0.556,0.452,0.41,0.616,0.167
1175,2019,168,Guinea,0.395,0.353,0.384,0.347,0.476,0.429
1178,2019,171,Niger,0.364,0.39,0.318,0.248,0.484,0.429
1179,2019,172,Eritrea,0.362,0.568,0.261,0.271,0.01,0.429
1180,2019,173,Guinea Bissau,0.34,0.364,0.519,0.01,0.281,0.25
1183,2019,176,DRC,0.3,0.333,0.385,0.427,0.314,0.143
1184,2019,177,CAR,0.282,0.122,0.324,0.248,0.364,0.5
1185,2019,178,Equatorial Guinea,0.278,0.405,0.49,0.01,0.42,0.071
1186,2019,179,Chad,0.222,0.136,0.169,0.253,0.131,0.714
1187,2019,180,Sierra Leone,0.197,0.035,0.455,0.506,0.517,0.071
1205,2020,17,Tunisia,0.874,0.86,0.933,0.754,0.983,0.857
1223,2020,35,Egypt,0.826,0.799,0.924,0.743,0.889,0.786
1239,2020,51,Mauritius,0.803,0.84,0.907,0.763,0.01,0.714
1259,2020,71,Algeria,0.769,0.824,0.853,0.799,0.959,0.5
1260,2020,72,Morocco,0.767,0.837,0.898,0.674,0.914,0.571
1270,2020,82,Botswana,0.753,0.7,0.823,0.707,0.832,0.714
1271,2020,83,Libya,0.749,0.825,0.953,0.702,0.01,0.571
1286,2020,98,South Africa,0.722,0.657,0.764,0.724,0.839,0.643
1294,2020,106,Namibia,0.693,0.614,0.609,0.71,0.751,0.8
1296,2020,108,Sao Tome and Principe,0.688,0.727,0.714,0.711,0.732,0.571
1309,2020,121,Senegal,0.634,0.613,0.639,0.476,0.659,0.833
1310,2020,122,Rwanda,0.627,0.668,0.678,0.647,0.664,0.5
1311,2020,123,Eswatini,0.621,0.586,0.69,0.597,0.668,0.571
1312,2020,124,Gabon,0.618,0.612,0.616,0.677,0.704,0.5
1314,2020,126,Djibouti,0.612,0.58,0.568,0.342,0.915,0.833
1315,2020,127,Ghana,0.611,0.561,0.61,0.646,0.659,0.583
1318,2020,130,Seychelles,0.598,0.828,0.952,0.757,0.01,0.214
1320,2020,132,Kenya,0.594,0.599,0.536,0.572,0.629,0.643
1324,2020,136,Burundi,0.575,0.435,0.471,0.6,0.651,0.786
1326,2020,138,Zimbabwe,0.569,0.494,0.589,0.592,0.521,0.667
1327,2020,139,Malawi,0.563,0.548,0.558,0.631,0.352,0.833
1328,2020,140,Mauritania,0.552,0.357,0.51,0.508,0.647,0.857
1329,2020,141,Congo,0.543,0.539,0.513,0.651,0.735,0.357
1330,2020,142,Gambia,0.537,0.426,0.615,0.553,0.619,0.5
1332,2020,144,Zambia,0.531,0.559,0.528,0.63,0.342,0.667
1333,2020,145,United Republic of Tanzania,0.529,0.499,0.55,0.454,0.397,0.833
1337,2020,149,Uganda,0.509,0.539,0.462,0.556,0.425,0.583
1338,2020,150,Togo,0.505,0.441,0.481,0.557,0.647,0.429
1339,2020,151,Madagascar,0.5,0.57,0.233,0.599,0.784,0.5
1340,2020,152,Burkina Faso,0.493,0.452,0.43,0.503,0.462,0.643
1341,2020,153,Angola,0.491,0.468,0.389,0.565,0.387,0.714
1342,2020,154,Liberia,0.49,0.394,0.542,0.472,0.437,0.643
1343,2020,155,Lesotho,0.489,0.296,0.62,0.568,0.624,0.429
1344,2020,156,Benin,0.474,0.384,0.432,0.557,0.517,0.5
1347,2020,159,Cameroon,0.461,0.366,0.481,0.609,0.451,0.429
1348,2020,160,Mozambique,0.449,0.464,0.481,0.513,0.561,0.286
1349,2020,161,Mali,0.446,0.296,0.487,0.346,0.471,0.75
1351,2020,163,Eritrea,0.425,0.553,0.507,0.271,0.01,0.429
1352,2020,164,Comoros,0.421,0.518,0.608,0.634,0.665,0.1
1353,2020,165,Côte d'Ivoire,0.419,0.311,0.526,0.415,0.532,0.357
1355,2020,167,Sudan,0.405,0.542,0.418,0.448,0.644,0.167
1358,2020,170,Ethiopia,0.381,0.541,0.225,0.461,0.222,0.643
1359,2020,171,Niger,0.362,0.385,0.288,0.308,0.425,0.429
1360,2020,172,Nigeria,0.342,0.08,0.399,0.446,0.42,0.786
1361,2020,173,Guinea Bissau,0.336,0.3,0.497,0.01,0.342,0.25
1363,2020,175,Guinea,0.309,0.308,0.338,0.352,0.537,0.143
1364,2020,176,DRC,0.309,0.363,0.339,0.435,0.366,0.143
1366,2020,178,CAR,0.273,0.101,0.331,0.268,0.337,0.5
1367,2020,179,Equatorial Guinea,0.271,0.401,0.481,0.01,0.391,0.071
1368,2020,180,Sierra Leone,0.222,0.063,0.431,0.535,0.528,0.071
1370,2020,182,Chad,0.129,0.011,0.094,0.251,0.181,0.714
1386,2021,16,Tunisia,0.873,0.861,0.937,0.747,0.983,0.857
1404,2021,34,Egypt,0.832,0.802,0.927,0.768,0.889,0.786
1420,2021,50,Mauritius,0.802,0.839,0.909,0.762,0.01,0.714
1429,2021,59,Cabo Verde,0.784,0.822,0.801,0.695,0.824,0.786
1436,2021,66,Morocco,0.781,0.84,0.902,0.733,0.914,0.571
1445,2021,75,Algeria,0.769,0.824,0.848,0.803,0.959,0.5
1453,2021,83,Botswana,0.752,0.684,0.82,0.724,0.832,0.714
1466,2021,96,Libya,0.724,0.827,0.818,0.71,0.01,0.571
1467,2021,97,South Africa,0.723,0.653,0.762,0.735,0.839,0.643
1479,2021,109,Sao Tome and Principe,0.691,0.73,0.713,0.724,0.732,0.571
1481,2021,111,Namibia,0.689,0.605,0.595,0.719,0.751,0.8
1492,2021,122,Senegal,0.641,0.606,0.673,0.483,0.659,0.833
1493,2021,123,Djibouti,0.638,0.583,0.551,0.433,0.915,0.833
1495,2021,125,Gabon,0.622,0.616,0.613,0.699,0.704,0.5
1496,2021,126,Ghana,0.613,0.564,0.599,0.665,0.659,0.583
1501,2021,131,Kenya,0.603,0.592,0.533,0.624,0.633,0.643
1503,2021,133,Burundi,0.592,0.439,0.498,0.65,0.651,0.786
1505,2021,135,Seychelles,0.579,0.829,0.965,1,0.01,0.214
1507,2021,137,Malawi,0.576,0.569,0.574,0.659,0.352,0.833
1508,2021,138,Zimbabwe,0.569,0.468,0.567,0.586,0.574,0.667
1509,2021,139,Mauritania,0.563,0.362,0.538,0.521,0.647,0.857
1510,2021,140,Rwanda,0.562,0.669,0.668,0.664,0.664,0.286
1512,2021,142,Gambia,0.546,0.443,0.605,0.585,0.619,0.5
1513,2021,143,Congo,0.544,0.544,0.496,0.671,0.735,0.357
1515,2021,145,United Republic of Tanzania,0.529,0.505,0.501,0.496,0.397,0.833
1516,2021,146,Zambia,0.529,0.545,0.542,0.6,0.351,0.667
1519,2021,149,Madagascar,0.522,0.576,0.287,0.614,0.758,0.5
1520,2021,150,Uganda,0.511,0.539,0.461,0.565,0.425,0.583
1521,2021,151,Togo,0.504,0.447,0.442,0.58,0.664,0.429
1523,2021,153,Lesotho,0.49,0.277,0.618,0.612,0.63,0.429
1524,2021,154,Angola,0.49,0.471,0.374,0.581,0.387,0.714
1525,2021,155,Burkina Faso,0.49,0.416,0.417,0.547,0.462,0.643
1526,2021,156,Liberia,0.484,0.351,0.526,0.513,0.437,0.643
1529,2021,159,Benin,0.474,0.387,0.421,0.57,0.517,0.5
1530,2021,160,Mali,0.464,0.302,0.516,0.39,0.471,0.75
1531,2021,161,Cameroon,0.453,0.367,0.45,0.6,0.451,0.429
1532,2021,162,Mozambique,0.453,0.457,0.485,0.537,0.561,0.286
1534,2021,164,Eritrea,0.437,0.556,0.506,0.303,0.01,0.429
1535,2021,165,Côte d'Ivoire,0.429,0.303,0.536,0.473,0.532,0.357
1536,2021,166,Comoros,0.424,0.528,0.606,0.646,0.665,0.1
1537,2021,167,Sudan,0.41,0.545,0.424,0.465,0.647,0.167
1540,2021,170,Ethiopia,0.381,0.552,0.214,0.477,0.222,0.643
1541,2021,171,Niger,0.357,0.39,0.249,0.327,0.425,0.429
1542,2021,172,Nigeria,0.356,0.082,0.403,0.523,0.42,0.786
1543,2021,173,Guinea Bissau,0.355,0.378,0.492,0.01,0.342,0.25
1545,2021,175,Guinea,0.312,0.309,0.326,0.385,0.537,0.143
1546,2021,176,CAR,0.29,0.114,0.353,0.3,0.337,0.5
1547,2021,177,Equatorial Guinea,0.281,0.406,0.547,0.01,0.391,0.071
1549,2021,179,DRC,0.273,0.368,0.179,0.441,0.366,0.143
1550,2021,180,Sierra Leone,0.218,0.047,0.505,0.551,0.528,0.071
1552,2021,182,Chad,0.146,0.022,0.086,0.277,0.181,0.714
1590,2022,38,Egypt,0.817,0.803,0.933,0.768,0.887,0.714
1609,2022,57,Mauritius,0.773,0.836,0.874,0.762,0.01,0.643
1611,2022,59,Cabo Verde,0.772,0.823,0.812,0.695,0.826,0.714
1612,2022,60,Algeria,0.771,0.824,0.86,0.803,0.957,0.5
1618,2022,66,Morocco,0.764,0.846,0.912,0.733,0.918,0.5
1621,2022,69,Tunisia,0.759,0.86,0.954,0.747,0.982,0.417
1637,2022,85,Botswana,0.731,0.671,0.801,0.724,0.832,0.643
1639,2022,87,South Africa,0.72,0.658,0.833,0.735,0.837,0.571
1652,2022,100,Libya,0.7,0.827,0.819,0.71,0.01,0.5
1660,2022,108,Sao Tome and Principe,0.682,0.769,0.723,0.724,0.734,0.5
1662,2022,110,Namibia,0.677,0.609,0.614,0.719,0.754,0.7
1671,2022,119,Senegal,0.634,0.625,0.695,0.483,0.651,0.75
1673,2022,121,Rwanda,0.628,0.649,0.693,0.664,0.653,0.5
1676,2022,124,Djibouti,0.614,0.584,0.503,0.433,0.915,0.75
1682,2022,130,Gabon,0.597,0.616,0.612,0.699,0.694,0.417
1683,2022,131,Ghana,0.596,0.566,0.619,0.665,0.647,0.5
1684,2022,132,Eswatini,0.595,0.484,0.674,0.689,0.664,0.5
1685,2022,133,Kenya,0.595,0.593,0.557,0.624,0.633,0.571
1688,2022,136,Burundi,0.579,0.441,0.502,0.65,0.634,0.714
1689,2022,137,Seychelles,0.578,0.829,0.959,0.656,0.01,0.214
1692,2022,140,Malawi,0.565,0.576,0.594,0.659,0.342,0.75
1693,2022,141,Mauritania,0.556,0.364,0.54,0.521,0.663,0.786
1694,2022,142,Zimbabwe,0.555,0.467,0.567,0.586,0.51,0.667
1697,2022,145,Congo,0.544,0.55,0.498,0.671,0.727,0.357
1698,2022,146,Gambia,0.54,0.447,0.66,0.585,0.622,0.429
1702,2022,150,Zambia,0.52,0.542,0.592,0.6,0.339,0.583
1703,2022,151,Uganda,0.518,0.544,0.5,0.565,0.415,0.583
1704,2022,152,United Republic of Tanzania,0.517,0.506,0.516,0.496,0.38,0.75
1705,2022,153,Mali,0.498,0.305,0.543,0.39,0.628,0.75
1706,2022,154,Benin,0.492,0.394,0.417,0.57,0.617,0.5
1707,2022,155,Madagascar,0.488,0.574,0.275,0.614,0.57,0.5
1708,2022,156,Lesotho,0.487,0.263,0.608,0.612,0.652,0.429
1709,2022,157,Togo,0.486,0.45,0.457,0.58,0.533,0.429
1710,2022,158,Angola,0.484,0.475,0.395,0.581,0.377,0.643
1712,2022,160,Burkina Faso,0.478,0.418,0.436,0.547,0.439,0.571
1713,2022,161,Liberia,0.467,0.365,0.483,0.513,0.429,0.571
1715,2022,163,Cameroon,0.46,0.37,0.52,0.6,0.416,0.429
1718,2022,166,Côte d'Ivoire,0.437,0.303,0.549,0.473,0.568,0.357
1719,2022,167,Mozambique,0.436,0.463,0.525,0.537,0.561,0.214
1720,2022,168,Comoros,0.422,0.529,0.607,0.646,0.649,0.1
1721,2022,169,Sudan,0.408,0.547,0.419,0.465,0.633,0.167
1722,2022,170,Ethiopia,0.395,0.555,0.288,0.477,0.222,0.571
1724,2022,172,Guinea Bissau,0.386,0.378,0.506,0.01,0.464,0.25
1725,2022,173,Eritrea,0.384,0.557,0.3,0.303,0.01,0.429
1727,2022,175,Nigeria,0.362,0.085,0.489,0.523,0.403,0.714
1728,2022,176,Niger,0.353,0.394,0.292,0.327,0.406,0.357
1731,2022,179,Guinea,0.323,0.312,0.389,0.385,0.524,0.143
1732,2022,180,DRC,0.315,0.374,0.268,0.441,0.494,0.143
1733,2022,181,Equatorial Guinea,0.286,0.411,0.58,0.01,0.391,0.071
1734,2022,182,CAR,0.26,0.128,0.193,0.3,0.32,0.5
1735,2022,183,Sierra Leone,0.223,0.044,0.503,0.551,0.64,0.071
1737,2022,185,Chad,0.181,0.025,0.188,0.277,0.206,0.714
